Rank,Release Group,Worldwide,Domestic,%,Foreign,%,
1,Avengers: Endgame,$2797800564,$858373000,30.7%,$1939427564,69.3%,
2,The Lion King,$1656943394,$543638043,32.8%,$1113305351,67.2%,
3,Frozen II,$1450026933,$477373578,32.9%,$972653355,67.1%,
4,Spider-Man: Far from Home,$1131927996,$390532085,34.5%,$741395911,65.5%,
5,Captain Marvel,$1128274794,$426829839,37.8%,$701444955,62.2%,
6,Joker,$1074251311,$335451311,31.2%,$738800000,68.8%,
7,Star Wars: Episode IX - The Rise of Skywalker,$1074144248,$515202542,48%,$558941706,52%,
8,Toy Story 4,$1073394593,$434038008,40.4%,$639356585,59.6%,
9,Aladdin,$1050693953,$355559216,33.8%,$695134737,66.2%,
10,Jumanji: The Next Level,$796575993,$316831246,39.8%,$479744747,60.2%,
11,Fast & Furious Presents: Hobbs & Shaw,$759056935,$173956935,22.9%,$585100000,77.1%,
12,Ne Zha,$726063471,$3695533,0.5%,$722367938,99.5%,
13,The Wandering Earth,$699856699,$5971413,0.9%,$693885286,99.1%,
14,How to Train Your Dragon: The Hidden World,$521799505,$160799505,30.8%,$361000000,69.2%,
15,Maleficent: Mistress of Evil,$491730089,$113929605,23.2%,$377800484,76.8%,
16,It Chapter Two,$473093228,$211593228,44.7%,$261500000,55.3%,
17,My People My Country,$450064993,$2356683,0.5%,$447708310,99.5%,
18,Pokémon Detective Pikachu,$433005346,$144105346,33.3%,$288900000,66.7%,
19,The Secret Life of Pets 2,$430051293,$158874395,36.9%,$271176898,63.1%,
20,The Captain,$416953262,$706572,0.2%,$416246690,99.8%,
21,Alita: Battle Angel,$404852543,$85710210,21.2%,$319142333,78.8%,
22,Godzilla: King of the Monsters,$386600138,$110500138,28.6%,$276100000,71.4%,
23,1917,$374717445,$159227644,42.5%,$215489801,57.5%,
24,Once Upon a Time... in Hollywood,$374343626,$142502728,38.1%,$231840898,61.9%,
25,Shazam!,$365971656,$140371656,38.4%,$225600000,61.6%,
26,Dumbo,$353284621,$114766307,32.5%,$238518314,67.5%,
27,John Wick: Chapter 3 - Parabellum,$326709727,$171015687,52.3%,$155694040,47.7%,
28,Knives Out,$309232797,$165363234,53.5%,$143869563,46.5%,
29,Terminator: Dark Fate,$261119292,$62253077,23.8%,$198866215,76.2%,
30,Parasite,$256905499,$53369749,20.8%,$203535750,79.2%,
31,Us,$255184580,$175084580,68.6%,$80100000,31.4%,
32,Men in Black: International,$253890701,$80001807,31.5%,$173888894,68.5%,
33,X-Men: Dark Phoenix,$252442974,$65845974,26.1%,$186597000,73.9%,
34,Glass,$246999039,$111048468,45%,$135950571,55%,
35,The Bravest,$245179562,$290217,0.1%,$244889345,99.9%,
36,Annabelle Comes Home,$231252591,$74152591,32.1%,$157100000,67.9%,
37,Ford v Ferrari,$225508210,$117624357,52.2%,$107883853,47.8%,
38,Better Days,$225450957,$1921657,0.9%,$223529300,99.1%,
39,Little Women,$209101214,$108101214,51.7%,$101000000,48.3%,
40,The Addams Family,$203044905,$100044905,49.3%,$103000000,50.7%,
41,Rocketman,$195179299,$96368160,49.4%,$98811139,50.6%,
42,Weathering with You,$193145004,$7798743,4%,$185346261,96%,
43,Downton Abbey,$193016269,$96854135,50.2%,$96162134,49.8%,
44,The Lego Movie 2: The Second Part,$192306508,$105806508,55%,$86500000,45%,
45,The White Storm 2: Drug Lords,$189396380,$609461,0.3%,$188786919,99.7%,
46,Abominable,$181713664,$60716390,33.4%,$120997274,66.6%,
47,Gemini Man,$173469516,$48546770,28%,$124922746,72%,
48,Spies in Disguise,$171616764,$66757013,38.9%,$104859751,61.1%,
49,Hustlers,$157563598,$104963598,66.6%,$52600000,33.4%,
50,The Climbers,$156759167,$487157,0.3%,$156272010,99.7%,
51,Escape Room,$155712077,$57005601,36.6%,$98706476,63.4%,
52,Yesterday,$153087413,$73286650,47.9%,$79800763,52.1%,
53,The Angry Birds Movie 2,$147792047,$41667116,28.2%,$106124931,71.8%,
54,Angel Has Fallen,$146661977,$69030436,47.1%,$77631541,52.9%,
55,Ad Astra,$127461872,$50188370,39.4%,$77273502,60.6%,
56,The Upside,$125852517,$108252517,86%,$17600000,14%,
57,Midway,$125648512,$56846802,45.2%,$68801710,54.8%,
58,The Curse of la Llorona,$123133739,$54733739,44.5%,$68400000,55.5%,
59,Looking Up,$122994583,$84267,<0.1%,$122910316,99.9%,
60,Zombieland: Double Tap,$122810399,$73123082,59.5%,$49687317,40.5%,
61,Last Christmas,$121550750,$35150750,28.9%,$86400000,71.1%,
62,Extreme Job,$119932733,$1565885,1.3%,$118366848,98.7%,
63,Dora and the Lost City of Gold,$119682635,$60477943,50.5%,$59204692,49.5%,
64,Wonder Park,$119559110,$45216793,37.8%,$74342317,62.2%,
65,P Storm,$117991727,$326711,0.3%,$117665016,99.7%,
66,Pet Sematary,$113118226,$54724696,48.4%,$58393530,51.6%,
67,Good Boys,$111020609,$83140306,74.9%,$27880303,25.1%,
68,Scary Stories to Tell in the Dark,$104545505,$68947075,65.9%,$35598430,34.1%,
69,Line Walker 2: Invisible Spy,$99482027,$296751,0.3%,$99185276,99.7%,
70,The Hustle,$95033366,$35417038,37.3%,$59616328,62.7%,
71,Crawl,$91542097,$39014193,42.6%,$52527904,57.4%,
72,Five Feet Apart,$91522094,$45729221,50%,$45792873,50%,
73,Rambo: Last Blood,$91490353,$44819352,49%,$46671001,51%,
74,Jojo Rabbit,$90335025,$33370906,36.9%,$56964119,63.1%,
75,One Piece: Stampede,$81562741,$1298528,1.6%,$80264213,98.4%,
76,A Dog's Way Home,$80708134,$42004346,52%,$38703788,48%,
77,Cold Pursuit,$76419755,$32138862,42.1%,$44280893,57.9%,
78,A Dog's Journey,$75671341,$22782371,30.1%,$52888970,69.9%,
79,A Madea Family Funeral,$74747725,$73257045,98%,$1490680,2%,
80,Cats,$73736092,$27166770,36.8%,$46569322,63.2%,
81,Charlie's Angels,$73279888,$17803077,24.3%,$55476811,75.7%,
82,Doctor Sleep,$72381712,$31581712,43.6%,$40800000,56.4%,
83,What Men Want,$72216294,$54611903,75.6%,$17604391,24.4%,
84,After,$69733482,$12138565,17.4%,$57594917,82.6%,
85,Exit,$69501772,$470699,0.7%,$69031073,99.3%,
86,Playing with Fire,$68631669,$44451847,64.8%,$24179822,35.2%,
87,A Beautiful Day in the Neighborhood,$67760877,$61704055,91.1%,$6056822,8.9%,
88,War,$67179155,$4654000,6.9%,$62525155,93.1%,
89,Happy Death Day 2U,$64600152,$28148130,43.6%,$36452022,56.4%,
90,White Snake,$61631776,$34730,<0.1%,$61597046,99.9%,
91,Ma,$61105672,$45896028,75.1%,$15209644,24.9%,
92,Bombshell,$59636523,$31762808,53.3%,$27873715,46.7%,
93,Ready or Not,$57615777,$28714231,49.8%,$28901546,50.2%,
94,Long Shot,$53873809,$30316271,56.3%,$23557538,43.7%,
95,Breakthrough,$50444358,$40713082,80.7%,$9731276,19.3%,
96,Just Mercy,$50401502,$36001502,71.4%,$14400000,28.6%,
97,Uncut Gems,$50023780,$50023780,100%,-,-,
98,21 Bridges,$49939757,$28539757,57.1%,$21400000,42.9%,
99,Little,$48987096,$40860481,83.4%,$8126615,16.6%,
100,Isn't It Romantic,$48791187,$48791187,100%,-,-,
101,Countdown,$48021766,$25621766,53.4%,$22400000,46.6%,
102,Midsommar,$47863365,$27426361,57.3%,$20437004,42.7%,
103,Queen & Slim,$47617841,$43808310,92%,$3809531,8%,
104,47 Meters Down: Uncaged,$46783103,$22260900,47.6%,$24522203,52.4%,
105,Chasing the Dragon II: Wild Wild Bunch,$45733356,$196634,0.4%,$45536722,99.6%,
106,Child's Play,$44902237,$29208403,65%,$15693834,35%,
107,Hellboy,$44666135,$21903748,49%,$22762387,51%,
108,Richard Jewell,$43745542,$22345542,51.1%,$21400000,48.9%,
109,Judy,$43628316,$24313888,55.7%,$19314428,44.3%,
110,Harriet,$43347017,$43082155,99.4%,$264862,0.6%,
111,The Intruder,$41071798,$35419122,86.2%,$5652676,13.8%,
112,Fighting with My Family,$40810036,$22958886,56.3%,$17851150,43.7%,
113,Overcomer,$38026103,$34746945,91.4%,$3279158,8.6%,
114,Pain and Glory,$37137074,$4567338,12.3%,$32569736,87.7%,
115,The Bad Guys: The Movie,$34024386,$166972,0.5%,$33857414,99.5%,
116,The Good Liar,$33856058,$17156058,50.7%,$16700000,49.3%,
117,The Art of Racing in the Rain,$33766787,$26395642,78.2%,$7371145,21.8%,
118,Bharat,$33185983,$2971549,9%,$30214434,91%,
119,Brightburn,$32893421,$17300439,52.6%,$15592982,47.4%,
120,UglyDolls,$32450241,$20150241,62.1%,$12300000,37.9%,
121,Stuber,$32390945,$22370452,69.1%,$10020493,30.9%,
122,The Kid Who Would Be King,$32140970,$16790790,52.2%,$15350180,47.8%,
123,Anna,$31640190,$7743794,24.5%,$23896396,75.5%,
124,The Wild Goose Lake,$31037956,$12573,<0.1%,$31025383,100%,
125,Gully Boy,$28141995,$5566534,19.8%,$22575461,80.2%,
126,Total Dhamaal,$26911995,$2167632,8.1%,$24744363,91.9%,
127,No Manches Frida 2,$26493648,$9270920,35%,$17222728,65%,
128,Missing Link,$26249469,$16649539,63.4%,$9599930,36.6%,
129,The Gangster the Cop the Devil,$25775371,$216494,0.8%,$25558877,99.2%,
130,Booksmart,$24863452,$22680962,91.2%,$2182490,8.8%,
131,Super 30,$24701637,$2269878,9.2%,$22431759,90.8%,
132,The Peanut Butter Falcon,$23069198,$20457151,88.7%,$2612047,11.3%,
133,Black and Blue,$22741061,$22055313,97%,$685748,3%,
134,The Farewell,$22517864,$17695781,78.6%,$4822083,21.4%,
135,Late Night,$22386555,$15499454,69.2%,$6887101,30.8%,
136,Dark Waters,$21618085,$11136084,51.5%,$10482001,48.5%,
137,Shaft,$21360215,$21360215,100%,-,-,
138,Hotel Mumbai,$21314816,$9651611,45.3%,$11663205,54.7%,
139,Unplanned,$21051915,$19005109,90.3%,$2046806,9.7%,
140,Always Miss You,$19015465,$91884,0.5%,$18923581,99.5%,
141,Greta,$18653107,$10532219,56.5%,$8120888,43.5%,
142,Peppa Celebrates Chinese New Year,$18653040,$131225,0.7%,$18521815,99.3%,
143,Black Christmas,$18529730,$10429730,56.3%,$8100000,43.7%,
144,Motherless Brooklyn,$18477736,$9277736,50.2%,$9200000,49.8%,
145,Blinded by the Light,$18093500,$11901145,65.8%,$6192355,34.2%,
146,The Lighthouse,$18077362,$10867104,60.1%,$7210258,39.9%,
147,Kalank,$17987034,$2729336,15.2%,$15257698,84.8%,
148,Fate/stay night [Heaven's Feel] II. lost butterfly,$17295864,$420595,2.4%,$16875269,97.6%,
149,Nothing to Lose 2,$16610713,$1150551,6.9%,$15460162,93.1%,
150,Tazza: One-Eyed Jack,$16572611,$97655,0.6%,$16474956,99.4%,
151,Poms,$16418218,$13631124,83%,$2787094,17%,
152,Little Q,$16360233,$1652,<0.1%,$16358581,100%,
153,Playmobil: The Movie,$16349303,$1115008,6.8%,$15234295,93.2%,
154,The Kitchen,$15980032,$12180032,76.2%,$3800000,23.8%,
155,Miss Bala,$15383580,$15006824,97.6%,$376756,2.4%,
156,Apollo 11,$15342353,$9039891,58.9%,$6302462,41.1%,
157,The Dead Don't Die,$15321451,$6563605,42.8%,$8757846,57.2%,
158,Serenity,$14454622,$8547045,59.1%,$5907577,40.9%,
159,The Current War: Director's Cut,$12282385,$5979540,48.7%,$6302845,51.3%,
160,Miss & Mrs. Cops,$12147170,$104578,0.9%,$12042592,99.1%,
161,The Divine Fury,$11799556,$102982,0.9%,$11696574,99.1%,
162,Bring The Soul: The Movie,$11393886,$4809800,42.2%,$6584086,57.8%,
163,Gloria Bell,$11145006,$5611123,50.3%,$5533883,49.7%,
164,Where'd You Go Bernadette,$10304189,$9198356,89.3%,$1105833,10.7%,
165,The Best of Enemies,$10209813,$10205616,100%,$4197,<0.1%,
166,BTS World Tour: Love Yourself in Seoul,$10195760,$3509917,34.4%,$6685843,65.6%,
167,The Goldfinch,$9932621,$5332621,53.7%,$4600000,46.3%,
168,Portrait of a Lady on Fire,$9921875,$3759854,37.9%,$6162021,62.1%,
169,Arctic Dogs,$9902167,$5801249,58.6%,$4100918,41.4%,
170,Tod@s Caen,$9667157,$2670925,27.6%,$6996232,72.4%,
171,Official Secrets,$9473603,$1988546,21%,$7485057,79%,
172,Promare,$9465371,$2313596,24.4%,$7151775,75.6%,
173,The Aftermath,$9215591,$1618497,17.6%,$7597094,82.4%,
174,Tolkien,$9090040,$4535154,49.9%,$4554886,50.1%,
175,Jexi,$8952550,$6546159,73.1%,$2406391,26.9%,
176,Captive State,$8808611,$5958315,67.6%,$2850296,32.4%,
177,The Traitor,$8772244,$296027,3.4%,$8476217,96.6%,
178,Sorry We Missed You,$8766125,$28273,0.3%,$8737852,99.7%,
179,Code Geass: Lelouch of the Re;Surrection 2019 Re-release,$8715612,$522805,6%,$8192807,94%,
180,Pavarotti,$7885016,$4600249,58.3%,$3284767,41.7%,
181,The Battle of Jangsari,$7883200,$70853,0.9%,$7812347,99.1%,
182,By the Grace of God,$7755652,$67059,0.9%,$7688593,99.1%,
183,Love Live! Sunshine!! The School Idol Movie: Over The Rainbow,$7733048,$34135,0.4%,$7698913,99.6%,
184,Penguins,$7699452,$7699452,100%,-,-,
185,The White Crow,$7622595,$1828784,24%,$5793811,76%,
186,Brittany Runs a Marathon,$7442106,$7189808,96.6%,$252298,3.4%,
187,Mayday Life,$7435496,$85912,1.2%,$7349584,98.8%,
188,Wild Rose,$7123449,$1635117,23%,$5488332,77%,
189,The Sun Is Also a Star,$6750029,$4950029,73.3%,$1800000,26.7%,
190,Fleabag,$6572099,$326283,5%,$6245816,95%,
191,Run the Race,$6424420,$6424420,100%,-,-,
192,The Mustang,$6405816,$5043620,78.7%,$1362196,21.3%,
193,Immortal Hero,$6180032,$43007,0.7%,$6137025,99.3%,
194,Cyrano My Love,$5985822,$351019,5.9%,$5634803,94.1%,
195,Furie,$5717640,$594788,10.4%,$5122852,89.6%,
196,Saaho,$5708522,$2872057,50.3%,$2836465,49.7%,
197,Mission Mangal,$5667057,$3659413,64.6%,$2007644,35.4%,
198,Don't Let Go,$5288011,$5215062,98.6%,$72949,1.4%,
199,The Biggest Little Farm,$5248412,$4366949,83.2%,$881463,16.8%,
200,The Truth,$5221292,$5273,0.1%,$5216019,99.9%,
201,Forrest Gump 2019 Re-release,$5140828,$203088,4%,$4937740,96%,
202,The Professor and the Madman,$5105195,-,-,$5105195,100%,
203,Konosuba!: God's Blessing on This Wonderful World! - Legend of Crimson,$5078942,$1134786,22.3%,$3944156,77.7%,
204,Menteur,$4697364,$4697364,100%,-,-,
205,Jay and Silent Bob Reboot,$4691248,$4589490,97.8%,$101758,2.2%,
206,Housefull 4,$4625481,$2109160,45.6%,$2516321,54.4%,
207,A Hidden Life,$4614219,$1730597,37.5%,$2883622,62.5%,
208,The Last Black Man in San Francisco,$4607017,$4515719,98%,$91298,2%,
209,The Beach Bum,$4554416,$3502600,76.9%,$1051816,23.1%,
210,Swift,$4428275,-,-,$4428275,100%,
211,Brian Banks,$4376819,$4376819,100%,-,-,
212,Uri: The Surgical Strike 2019 Re-release,$4302454,$4186168,97.3%,$116286,2.7%,
213,Linda Ronstadt: The Sound of My Voice,$4252657,$4252657,100%,-,-,
214,Savage,$4140502,$74491,1.8%,$4066011,98.2%,
215,Arctic 2019 Re-release,$4124015,$2410795,58.5%,$1713220,41.5%,
216,Junglee,$4033587,$295784,7.3%,$3737803,92.7%,
217,Ride Your Wave,$3979902,$332432,8.4%,$3647470,91.6%,
218,Lucifer,$3956978,-,-,$3956978,100%,
219,Western Stars,$3681681,$1581681,43%,$2100000,57%,
220,Badla,$3590894,$1861000,51.8%,$1729894,48.2%,
221,The Oscar Nominated Short Films 2019: Documentary,$3538550,$3531094,99.8%,$7456,0.2%,
222,Ek Ladki Ko Dekha Toh Aisa Laga,$3531837,$1182636,33.5%,$2349201,66.5%,
223,Bacurau,$3507420,$58115,1.7%,$3449305,98.3%,
224,Faustina: Love and Mercy,$3498887,$2243180,64.1%,$1255707,35.9%,
225,Maiden,$3495241,$3168978,90.7%,$326263,9.3%,
226,The Aeronauts,$3472708,-,-,$3472708,100%,
227,Midnight Diner,$3412771,$18555,0.5%,$3394216,99.5%,
228,Friends 25th: The One With The Anniversary,$3403406,$2884827,84.8%,$518579,15.2%,
229,Honey Boy,$3400977,$3012615,88.6%,$388362,11.4%,
230,The Hole in the Ground,$3373474,$21072,0.6%,$3352402,99.4%,
231,Echo in the Canyon,$3355324,$3355324,100%,-,-,
232,The Death & Life of John F. Donovan,$3326364,$152713,4.6%,$3173651,95.4%,
233,Chhichhore,$3307350,$2004400,60.6%,$1302950,39.4%,
234,Marianne & Leonard: Words of Love,$3271888,$1012034,30.9%,$2259854,69.1%,
235,Pilgrim's Progress,$3173282,$1294596,40.8%,$1878686,59.2%,
236,All Is True,$3019143,$1200481,39.8%,$1818662,60.2%,
237,After the Wedding,$2790019,$1574258,56.4%,$1215761,43.6%,
238,Children of the Sea,$2789668,-,-,$2789668,100%,
239,Diego Maradona,$2656890,-,-,$2656890,100%,
240,Kinky Boots: The Musical,$2635571,$900451,34.2%,$1735120,65.8%,
241,Metallica & San Francisco Symphony - S&M2,$2582847,$1252385,48.5%,$1330462,51.5%,
242,The Informer,$2579970,-,-,$2579970,100%,
243,Spirits in the Forest,$2531785,$704744,27.8%,$1827041,72.2%,
244,The Art of Self-Defense,$2414269,$2410914,99.9%,$3355,0.1%,
245,Sound! Euphonium the Movie - Our Promise: A Brand New Day,$2403030,$90341,3.8%,$2312689,96.2%,
246,Waves,$2351192,$1658790,70.6%,$692402,29.4%,
247,Piranhas,$2298525,$23494,1%,$2275031,99%,
248,3 from Hell,$2295825,$2172949,94.6%,$122876,5.4%,
249,Luce,$2268204,$2010613,88.6%,$257591,11.4%,
250,Gone with the Wind 2019 Re-release,$2176120,$2176120,100%,-,-,
251,The Wizard of Oz 2019 Re-release,$2097514,$2076020,99%,$21494,1%,
252,42nd Street: The Musical,$1985457,$187440,9.4%,$1798017,90.6%,
253,Luka Chuppi,$1923586,$1042905,54.2%,$880681,45.8%,
254,Fantastic Fungi,$1864309,$1788322,95.9%,$75987,4.1%,
255,The Other Side of Heaven 2: Fire of Faith,$1807216,$1807216,100%,-,-,
256,Polaroid,$1772204,-,-,$1772204,100%,
257,Invisible Life,$1766249,$146535,8.3%,$1619714,91.7%,
258,Matthias & Maxime,$1730255,$374739,21.7%,$1355516,78.3%,
259,The Souvenir,$1719157,$1036737,60.3%,$682420,39.7%,
260,La femme de mon frère,$1671969,$539524,32.3%,$1132445,67.7%,
261,Student of the Year 2,$1635907,$778566,47.6%,$857341,52.4%,
262,Deerskin,$1615875,-,-,$1615875,100%,
263,Monos,$1594195,$406473,25.5%,$1187722,74.5%,
264,The Crossing,$1589212,$90896,5.7%,$1498316,94.3%,
265,Beanpole,$1587651,$196258,12.4%,$1391393,87.6%,
266,Teen Spirit,$1573601,$441366,28%,$1132235,72%,
267,The Kid,$1553483,$1508593,97.1%,$44890,2.9%,
268,Tel Aviv on Fire,$1548893,$506145,32.7%,$1042748,67.3%,
269,The Chaperone,$1541223,$600654,39%,$940569,61%,
270,De De Pyaar De,$1473116,$425934,28.9%,$1047182,71.1%,
271,It 2019 Re-release,$1414696,$1347126,95.2%,$67570,4.8%,
272,El Chicano,$1404646,$1400603,99.7%,$4043,0.3%,
273,For Sama,$1396596,$43796,3.1%,$1352800,96.9%,
274,Roger Waters - Us + Them,$1294480,$611644,47.3%,$682836,52.7%,
275,Fagara,$1265949,$43417,3.4%,$1222532,96.6%,
276,Batla House,$1264337,$493180,39%,$771157,61%,
277,BTS World Tour 'Love Yourself: Speak Yourself' (The Final) Seoul Live Viewing,$1226552,$1226552,100%,-,-,
278,Kingdom Men Rising,$1188936,$1188936,100%,-,-,
279,Los Domirriqueños 2,$1187280,$1187280,100%,-,-,
280,Alien 2019 Re-release,$1178844,$833658,70.7%,$345186,29.3%,
281,National Theater Live: Cyrano de Bergerac,$1173512,$86300,7.4%,$1087212,92.6%,
282,Honeyland,$1171480,$815082,69.6%,$356398,30.4%,
283,The Goonies 2019 Re-release,$1143165,$864378,75.6%,$278787,24.4%,
284,The Song of Names,$1138700,$1077584,94.6%,$61116,5.4%,
285,My Neighbor Totoro 2019 Re-release,$1105703,$1105564,100%,$139,<0.1%,
286,El Coyote,$1101470,$1101470,100%,-,-,
287,The Sky Is Pink,$1088641,$652592,59.9%,$436049,40.1%,
288,Jesus Is King,$1082629,$973000,89.9%,$109629,10.1%,
289,Mystify: Michael Hutchence,$1082456,$289573,26.8%,$792883,73.2%,
290,Bennett's War,$1056416,$1056416,100%,-,-,
291,Noah,$1035603,$1035603,100%,-,-,
292,Cold Blood,$1009888,$5083,0.5%,$1004805,99.5%,
293,Kiki's Delivery Service 2019 Re-release,$1004057,$1004057,100%,-,-,
294,Photograph,$996171,$344534,34.6%,$651637,65.4%,
295,American Masters: Miles Davis: Birth of the Cool,$984499,$614201,62.4%,$370298,37.6%,
296,Rush: Cinema Strangiato 2019,$960073,$960073,100%,-,-,
297,The Fighting Preacher,$954641,$954641,100%,-,-,
298,Toni Morrison: The Pieces I Am,$927495,$903018,97.4%,$24477,2.6%,
299,The Game Changers,$897992,$739711,82.4%,$158281,17.6%,
300,The Nightingale,$885916,$400209,45.2%,$485707,54.8%,
301,The Hummingbird Project,$876980,$371784,42.4%,$505196,57.6%,
302,Between Me and My Mind,$875191,$875191,100%,-,-,
303,Howl's Moving Castle 2019 Re-release,$865647,$865647,100%,-,-,
304,Steel Magnolias 2019 Re-release,$855421,$855421,100%,-,-,
305,Joni 75: A Birthday Celebration,$808831,$752205,93%,$56626,7%,
306,The Whistlers,$799694,$55608,7%,$744086,93%,
307,Vita & Virginia,$793439,$42741,5.4%,$750698,94.6%,
308,Chonda Pierce: Unashamed,$787979,$787979,100%,-,-,
309,The Church,$772000,$772000,100%,-,-,
310,DanTDM Presents The Contest,$765363,$307484,40.2%,$457879,59.8%,
311,Patterns of Evidence: Moses Controversy,$765361,$765361,100%,-,-,
312,I Love Lucy: A Colorized Celebration,$754323,$754323,100%,-,-,
313,David Crosby: Remember My Name,$732793,$732793,100%,-,-,
314,Where's My Roy Cohn?,$722603,$705274,97.6%,$17329,2.4%,
315,Frankie,$695680,$171781,24.7%,$523899,75.3%,
316,The Least of These: The Graham Staines Story,$695164,$607015,87.3%,$88149,12.7%,
317,Raise Hell: The Life & Times of Molly Ivins,$694410,$694410,100%,-,-,
318,Romeo Akbar Walter,$688719,$236299,34.3%,$452420,65.7%,
319,Bethany Hamilton: Unstoppable,$684078,$590671,86.3%,$93407,13.7%,
320,Stockholm,$665527,$292590,44%,$372937,56%,
321,The Public,$644740,$573503,89%,$71237,11%,
322,Aquarela,$638907,$307346,48.1%,$331561,51.9%,
323,Asako I & II,$627102,$25559,4.1%,$601543,95.9%,
324,Give Me Liberty,$624445,$242734,38.9%,$381711,61.1%,
325,Nancy Drew and the Hidden Staircase,$623088,$623088,100%,-,-,
326,Dirty Dancing 2019 Re-release,$622968,$622968,100%,-,-,
327,Killerman,$614366,$291477,47.4%,$322889,52.6%,
328,The Muppet Movie 2019 Re-release,$610475,$610475,100%,-,-,
329,Bolshoi Ballet: The Sleeping Beauty,$606872,$311368,51.3%,$295504,48.7%,
330,The Golden Glove,$604479,$6160,1%,$598319,99%,
331,To Kill a Mockingbird 2019 Re-release,$592237,$592237,100%,-,-,
332,The Cure: Anniversary 1978-2018 Live in Hyde Park,$591904,$378405,63.9%,$213499,36.1%,
333,The Wonderland,$591857,$50876,8.6%,$540981,91.4%,
334,Seberg,$585845,$434702,74.2%,$151143,25.8%,
335,The Painted Bird,$577566,-,-,$577566,100%,
336,Light of My Life,$573790,$20056,3.5%,$553734,96.5%,
337,My Fair Lady 2019 Re-release,$560711,$560711,100%,-,-,
338,Fiddler: A Miracle of Miracles,$558816,$549386,98.3%,$9430,1.7%,
339,DCI 2019: Big Loud & Live 16,$546060,$546060,100%,-,-,
340,The Day Shall Come,$543993,$26972,5%,$517021,95%,
341,Grateful Dead Meet-Up 2019,$537153,$537153,100%,-,-,
342,CatVideoFest,$536566,$470923,87.8%,$65643,12.2%,
343,Margaret Atwood: Live in Cinemas,$529285,$93690,17.7%,$435595,82.3%,
344,The Audience 2019 Re-release,$523432,$106529,20.4%,$416903,79.6%,
345,Bolshoi Ballet: Carmen Suite/Petrushka,$522179,$207523,39.7%,$314656,60.3%,
346,The Spy Behind Home Plate,$519525,$519525,100%,-,-,
347,Wild Nights with Emily,$519487,$519487,100%,-,-,
348,Saving Private Ryan 2019 Re-release,$508694,$508694,100%,-,-,
349,Synonyms,$501223,$206003,41.1%,$295220,58.9%,
350,Whisper of the Heart 2019 Re-release,$498156,$498156,100%,-,-,
351,Nausicaä of the Valley of the Wind 2019 Re-release,$495770,$495770,100%,-,-,
352,Monty Python's Life of Brian 2019 Re-release,$493971,$161507,32.7%,$332464,67.3%,
353,The Russian Five,$485049,$485049,100%,-,-,
354,Lawrence of Arabia 2019 Re-release,$482281,$482281,100%,-,-,
355,Liam Gallagher: As It Was,$477009,-,-,$477009,100%,
356,A White White Day,$471552,-,-,$471552,100%,
357,Hail Satan?,$467361,$424284,90.8%,$43077,9.2%,
358,Christmas Jars,$459462,$459462,100%,-,-,
359,Cruel Intentions 2019 Re-release,$445218,$445218,100%,-,-,
360,What We Left Behind: Star Trek DS9,$434437,$382457,88%,$51980,12%,
361,Ghostbusters 2019 Re-release,$430435,$369612,85.9%,$60823,14.1%,
362,Killing Sarai,$425332,$425332,100%,-,-,
363,Ben-Hur 2019 Re-release,$422622,$422622,100%,-,-,
364,The Cold Blue,$420177,$420177,100%,-,-,
365,The Reliant,$408747,$408747,100%,-,-,
366,Hello Dolly!,$400881,$400881,100%,-,-,
367,The Shawshank Redemption 2019 Re-release,$387095,$358507,92.6%,$28588,7.4%,
368,The Wedding Guest,$386166,$386166,100%,-,-,
369,The Secret World of Arrietty 2019 Re-release,$384289,$384289,100%,-,-,
370,Great Performances at the Met: Puccini: Turandot,$375295,-,-,$375295,100%,
371,INXS: Baby Live at Wembly Stadium,$366425,$161750,44.1%,$204675,55.9%,
372,Lords of Chaos,$365353,$253184,69.3%,$112169,30.7%,
373,Clemency,$364716,$364716,100%,-,-,
374,The Tobacconist,$360996,-,-,$360996,100%,
375,K-12,$359377,$303230,84.4%,$56147,15.6%,
376,The Tomorrow Man,$354103,$354103,100%,-,-,
377,Star Trek: The Motion Picture 2019 Re-release,$346243,$346243,100%,-,-,
378,Triple Threat,$345900,$76289,22.1%,$269611,77.9%,
379,Freaks,$342265,$276591,80.8%,$65674,19.2%,
380,Is It Wrong to Try to Pick Up Girls in a Dungeon - Arrow of the Orion,$338632,$271489,80.2%,$67143,19.8%,
381,First Love,$336756,$218329,64.8%,$118427,35.2%,
382,Diane,$336166,$336166,100%,-,-,
383,Anthropocene: The Human Epoch,$334162,$104806,31.4%,$229356,68.6%,
384,A Silent Voice: The Movie 2019 Re-release,$333984,$333984,100%,-,-,
385,The Big Fight Live: IBF Welterweight Title: Errol Spence Jr. vs. Mikey Garcia,$328979,$328979,100%,-,-,
386,Lucy in the Sky,$325950,$319976,98.2%,$5974,1.8%,
387,Sword of Trust,$323369,$322421,99.7%,$948,0.3%,
388,Woodstock,$320610,$126562,39.5%,$194048,60.5%,
389,Cunningham,$320293,$265102,82.8%,$55191,17.2%,
390,Meeting Gorbachev,$319230,$251837,78.9%,$67393,21.1%,
391,You Are Here: A Come From Away Story,$318885,$318885,100%,-,-,
392,Ask Dr. Ruth,$318230,$297195,93.4%,$21035,6.6%,
393,Josh Groban Bridges Live from Madison Square Garden,$315173,$315173,100%,-,-,
394,Plácido Domingo Gala,$311246,$52502,16.9%,$258744,83.1%,
395,The Third Wife,$305755,$84933,27.8%,$220822,72.2%,
396,Cliffs of Freedom,$300842,$72476,24.1%,$228366,75.9%,
397,Beats,$299986,-,-,$299986,100%,
398,Shakira in Concert: El Dorado World Tour,$294677,$271586,92.2%,$23091,7.8%,
399,The Giant Spider Invasion,$293053,$293053,100%,-,-,
400,The Zoya Factor,$289631,$128831,44.5%,$160800,55.5%,
401,Saga of Tanya the Evil - The Movie,$288460,$288460,100%,-,-,
402,Khalid: Free Spirit,$284229,$284229,100%,-,-,
403,Mike Wallace Is Here,$281245,$281245,100%,-,-,
404,Octaman,$280710,$280710,100%,-,-,
405,Bolshoi Ballet: The Golden Age,$277666,$171916,61.9%,$105750,38.1%,
406,See You Soon,$277126,-,-,$277126,100%,
407,True Grit 2019 Re-release,$276418,$276418,100%,-,-,
408,Slayer: The Repentless Killogy,$272874,$268727,98.5%,$4147,1.5%,
409,One Child Nation,$271841,$270128,99.4%,$1713,0.6%,
410,Luzia: Cirque du Soleil in Cinema,$265673,$265673,100%,-,-,
411,Out of Liberty,$265279,$265279,100%,-,-,
412,Asbury Park: Riot Redemption Rock 'n Roll,$264983,$167684,63.3%,$97299,36.7%,
413,Her Smell,$260481,$255599,98.1%,$4882,1.9%,
414,Star Raiders: The Adventures of Saber Raine,$260234,$260234,100%,-,-,
415,The Cave,$258921,$62625,24.2%,$196296,75.8%,
416,I Got the Hook Up 2,$252293,$252293,100%,-,-,
417,Canal Street,$251917,$251917,100%,-,-,
418,The Twilight Zone: A 60th Anniversary Celebration,$248514,$248514,100%,-,-,
419,Doctor Who: The End of Time: Part One,$247798,$247798,100%,-,-,
420,American Woman,$245416,$236637,96.4%,$8779,3.6%,
421,Out of Blue,$242847,$18779,7.7%,$224068,92.3%,
422,Play the Flute,$241251,$241251,100%,-,-,
423,311 Enlarged to Show Detail 3,$238791,$238791,100%,-,-,
424,Varda by Agnès,$235699,$160765,68.2%,$74934,31.8%,
425,India's Most Wanted,$235351,$176858,75.1%,$58493,24.9%,
426,Premier Boxing Champions: PBC on FOX: Spence vs. Porter,$232973,$232973,100%,-,-,
427,DAZN Boxing: Canelo Alvarez vs. Daniel Jacobs,$230703,$230703,100%,-,-,
428,Ophelia,$229405,$50722,22.1%,$178683,77.9%,
429,Mine 9,$226421,$226421,100%,-,-,
430,The Last Tree,$226203,$7655,3.4%,$218548,96.6%,
431,Millennium Actress 2019 Re-release,$225250,$225250,100%,-,-,
432,Extra Ordinary,$223898,$164346,73.4%,$59552,26.6%,
433,Premier Boxing Champions: PBC on FOX PPV: Pacquiao vs. Thurman,$223858,$223858,100%,-,-,
434,Never Surrender: A Galaxy Quest Documentary,$222971,$222971,100%,-,-,
435,The Karate Kid 2019 Re-release,$215447,$215447,100%,-,-,
436,Hamlet 2019 Re-release,$214578,$214578,100%,-,-,
437,Tigers Are Not Afraid 2019 Re-release,$210138,$175559,83.5%,$34579,16.5%,
438,Faith Hope & Love,$210091,$210091,100%,-,-,
439,Kathy Griffin: A Hell of a Story,$208907,$208907,100%,-,-,
440,Batman 2019 Re-release,$207901,$159419,76.7%,$48482,23.3%,
441,The Iron Orchard,$204881,$204881,100%,-,-,
442,Working Woman,$204727,$64048,31.3%,$140679,68.7%,
443,Hesburgh,$204709,$204709,100%,-,-,
444,Blink of an Eye,$201874,$201874,100%,-,-,
445,Zombi Child,$200909,$25878,12.9%,$175031,87.1%,
446,Little Joe,$196960,$23862,12.1%,$173098,87.9%,
447,Family,$194601,$194601,100%,-,-,
448,The Warrior Queen of Jhansi,$194541,$177289,91.1%,$17252,8.9%,
449,Mr. Klein,$193028,$193028,100%,-,-,
450,The Divine Plan,$190031,$190031,100%,-,-,
451,Buñuel in the Labyrinth of the Turtles,$185675,$36205,19.5%,$149470,80.5%,
452,To Dust,$184495,$184495,100%,-,-,
453,The River and the Wall,$183602,$183602,100%,-,-,
454,Giant Little Ones,$181507,$181507,100%,-,-,
455,Rafiki,$181316,$137968,76.1%,$43348,23.9%,
456,Walking on Water,$178119,$102140,57.3%,$75979,42.7%,
457,Modest Heroes,$178027,$178027,100%,-,-,
458,Iyengar: The Man Yoga and the Student's Journey,$176387,$176387,100%,-,-,
459,Them That Follow,$172952,$159218,92.1%,$13734,7.9%,
460,Little Woods,$171912,$150010,87.3%,$21902,12.7%,
461,Palau the Movie,$171155,$134696,78.7%,$36459,21.3%,
462,Britt-Marie Was Here,$168862,$36549,21.6%,$132313,78.4%,
463,Bright Ones,$165627,$165627,100%,-,-,
464,The Chambermaid,$164531,$86422,52.5%,$78109,47.5%,
465,Halston,$163446,$151991,93%,$11455,7%,
466,Diana Ross: Her Life Love and Legacy,$160968,$160968,100%,-,-,
467,Money,$155732,$155732,100%,-,-,
468,Before You Know It,$151507,$151507,100%,-,-,
469,Jay Myself,$151331,$151331,100%,-,-,
470,Glory 2019 Re-release,$150801,$150801,100%,-,-,
471,Piercing,$149211,$15856,10.6%,$133355,89.4%,
472,The Kingmaker,$148611,$122587,82.5%,$26024,17.5%,
473,Trial by Fire,$148504,$148504,100%,-,-,
474,War and Peace,$148503,$148503,100%,-,-,
475,Driven,$147172,-,-,$147172,100%,
476,Citizen K,$145941,$120411,82.5%,$25530,17.5%,
477,Framing John DeLorean,$145625,$145625,100%,-,-,
478,Doctor Who: Logopolis,$143248,$143248,100%,-,-,
479,Branagh Theatre Live: The Winter's Tale,$141143,$141143,100%,-,-,
480,Canelo vs. Kovalev,$140820,$140820,100%,-,-,
481,Wilder vs. Ortiz,$139207,$139207,100%,-,-,
482,Who Will Write Our History,$138868,$138039,99.4%,$829,0.6%,
483,Lynryd Skynyrd: Last of the Street Survivors Farewell Tour,$137888,$137888,100%,-,-,
484,Sonchiriya,$135413,$86765,64.1%,$48648,35.9%,
485,The Other Story,$135191,$135191,100%,-,-,
486,Made in Abyss: Journey's Dawn,$134194,$134047,99.9%,$147,0.1%,
487,Be Natural: The Untold Story of Alice Guy-Blaché,$133951,$115685,86.4%,$18266,13.6%,
488,The Wind,$130974,$28252,21.6%,$102722,78.4%,
489,Mister America,$130897,$130897,100%,-,-,
490,Section 375,$129916,-,-,$129916,100%,
491,Paris Is Burning 2019 Re-release,$125677,$125677,100%,-,-,
492,This Changes Everything,$125348,$64988,51.8%,$60360,48.2%,
493,Mary Magdalene 2019 Re-release,$124741,$124741,100%,-,-,
494,A Tuba to Cuba,$124592,$121772,97.7%,$2820,2.3%,
495,Easy Rider 2019 Re-release,$123276,$123276,100%,-,-,
496,Tremors,$121813,$23911,19.6%,$97902,80.4%,
497,Avant qu'on explose,$119894,$119894,100%,-,-,
498,Skin,$116863,-,-,$116863,100%,
499,Mob Psycho 100,$115766,$115766,100%,-,-,
500,The Woman Who Loves Giraffes,$113858,$113858,100%,-,-,
501,Police Story,$113164,$113164,100%,-,-,
502,Babylon,$109749,$109749,100%,-,-,
503,The Brink,$106057,$106057,100%,-,-,
504,Cold Case Hammarskjöld,$104965,$104965,100%,-,-,
505,Rosie,$104046,$6839,6.6%,$97207,93.4%,
506,Hotel by the River,$101879,$28354,27.8%,$73525,72.2%,
507,Those Who Remained,$101737,-,-,$101737,100%,
508,QT8: The First Eight,$101616,$51896,51.1%,$49720,48.9%,
509,Heavy Water,$99503,$55446,55.7%,$44057,44.3%,
510,High Strung Free Dance 2019 Re-release,$98481,$83891,85.2%,$14590,14.8%,
511,Charlie Says,$98240,$40685,41.4%,$57555,58.6%,
512,Prassthanam,$97204,$19984,20.6%,$77220,79.4%,
513,Little Monsters,$97111,-,-,$97111,100%,
514,Saint Judy,$96212,$78935,82%,$17277,18%,
515,A Bigger Splash 2019 Re-release,$95826,$95826,100%,-,-,
516,The Final Wish,$95215,$25183,26.4%,$70032,73.6%,
517,Papi Chulo,$94321,$84703,89.8%,$9618,10.2%,
518,Mapplethorpe,$91002,$91002,100%,-,-,
519,Loopers: The Caddie's Long Walk,$90679,$90679,100%,-,-,
520,The Lumber Baron,$88336,$88336,100%,-,-,
521,Jim Allison: Breakthrough,$87984,$87984,100%,-,-,
522,ECCO,$86858,$86858,100%,-,-,
523,Vault,$86741,$29491,34%,$57250,66%,
524,Skid Row Marathon,$84997,$84997,100%,-,-,
525,Woodstock,$84440,$84440,100%,-,-,
526,The Disappearance of My Mother,$83930,$24951,29.7%,$58979,70.3%,
527,Prey,$82258,-,-,$82258,100%,
528,Kind Hearts and Coronets 2019 Re-release,$80795,$35948,44.5%,$44847,55.5%,
529,Batman Returns 2019 Re-release,$80699,$70642,87.5%,$10057,12.5%,
530,Ms. Purple,$80657,$80657,100%,-,-,
531,Armstrong,$80169,$19740,24.6%,$60429,75.4%,
532,End of the Century,$79607,$66309,83.3%,$13298,16.7%,
533,Christ Stopped at Eboli,$78736,$78736,100%,-,-,
534,Fast Colour,$76916,$76916,100%,-,-,
535,Greener Grass,$76045,$51456,67.7%,$24589,32.3%,
536,5B,$72968,$72968,100%,-,-,
537,Free Trip to Egypt 2019 Re-release,$71087,$71087,100%,-,-,
538,Last Year at Marienbad 2019 Re-release,$68402,$63425,92.7%,$4977,7.3%,
539,¡He matado a mi marido!,$68017,$45777,67.3%,$22240,32.7%,
540,Being Frank,$67343,$67343,100%,-,-,
541,Making Waves: The Art of Cinematic Sound,$63998,$53144,83%,$10854,17%,
542,Love Antosha,$62900,$50168,79.8%,$12732,20.2%,
543,The Mountain,$61035,$61035,100%,-,-,
544,John Fogerty: 50 Year Trip - Live at Red Rocks,$59795,$59795,100%,-,-,
545,Notebook,$56166,-,-,$56166,100%,
546,Midnight Family,$51712,$42310,81.8%,$9402,18.2%,
547,Clinton Road,$50400,$50400,100%,-,-,
548,Midnight Traveler,$50336,$41265,82%,$9071,18%,
549,Free Trip to Egypt,$49693,$49693,100%,-,-,
550,The Bounty Killer,$48815,$48815,100%,-,-,
551,The Queen,$47818,$47818,100%,-,-,
552,The Raft,$47269,$39678,83.9%,$7591,16.1%,
553,High on the Hog,$45696,$45696,100%,-,-,
554,The Proposal,$45149,$45149,100%,-,-,
555,Celebration,$44898,$22557,50.2%,$22341,49.8%,
556,What Is Democracy?,$44536,$44536,100%,-,-,
557,Maze 2019 Re-release,$44381,$44381,100%,-,-,
558,What You Gonna Do When the World's on Fire?,$44290,$4672,10.5%,$39618,89.5%,
559,Carmine Street Guitars,$44253,$44253,100%,-,-,
560,Slut in a Good Way,$44240,$40513,91.6%,$3727,8.4%,
561,Our Time,$42107,$14777,35.1%,$27330,64.9%,
562,Union,$41656,$41656,100%,-,-,
563,Why Don't You Just Die!,$40995,-,-,$40995,100%,
564,Aniara,$40124,$40124,100%,-,-,
565,Zilla and Zoe,$39003,$39003,100%,-,-,
566,Shed of the Dead,$38901,$38901,100%,-,-,
567,Batman Forever 2019 Re-release,$38387,$38014,99%,$373,1%,
568,Memory: The Origins of Alien,$37272,$31378,84.2%,$5894,15.8%,
569,The Quiet One,$37010,$37010,100%,-,-,
570,The Death of Dick Long,$36856,$36856,100%,-,-,
571,Loro,$35613,$35613,100%,-,-,
572,Ága,$35178,$35178,100%,-,-,
573,Killer Unicorn,$33901,$33901,100%,-,-,
574,Moonlight Sonata: Deafness in Three Movements,$33823,$33823,100%,-,-,
575,An Acceptable Loss,$32427,$32427,100%,-,-,
576,10E,$32413,$32413,100%,-,-,
577,Shooting the Mafia,$32042,$10881,34%,$21161,66%,
578,Desolation Center,$32016,$32016,100%,-,-,
579,Gift,$31588,$31588,100%,-,-,
580,The Cat Rescuers,$31540,$31540,100%,-,-,
581,Buddy,$31203,$31203,100%,-,-,
582,Pasolini 2019 Re-release,$30757,$30757,100%,-,-,
583,Los Reyes,$30418,$30418,100%,-,-,
584,Lionel Richie at Glastonbury,$30123,$30123,100%,-,-,
585,The Perfect Race,$29644,$29644,100%,-,-,
586,The Ground Beneath My Feet,$29251,$29251,100%,-,-,
587,Batman & Robin 2019 Re-release,$28793,$28597,99.3%,$196,0.7%,
588,The Load,$28410,$28410,100%,-,-,
589,El Norte 2019 Re-release,$27920,$27920,100%,-,-,
590,Bauhaus Spirit: 100 Years of Bauhaus,$27768,$17122,61.7%,$10646,38.3%,
591,Leaving Home Coming Home: A Portrait of Robert Frank,$27073,$27073,100%,-,-,
592,Wrestle,$26597,$26597,100%,-,-,
593,Donnybrook,$26284,$26284,100%,-,-,
594,Strike,$24743,$15758,63.7%,$8985,36.3%,
595,Hyenas,$24672,$24672,100%,-,-,
596,The Aspern Papers,$24554,$9277,37.8%,$15277,62.2%,
597,Chasing Einstein,$24057,$24057,100%,-,-,
598,Robert the Bruce,$23425,-,-,$23425,100%,
599,Ode to Joy,$22594,$17303,76.6%,$5291,23.4%,
600,The Sound of Silence,$21994,$20013,91%,$1981,9%,
601,Wicked Witches,$21600,$21600,100%,-,-,
602,Round of Your Life,$20941,$20941,100%,-,-,
603,General Magic,$20046,$20046,100%,-,-,
604,The Gospel of Eureka,$20039,$20039,100%,-,-,
605,Scandalous: The True Story of the National Enquirer,$18759,$18759,100%,-,-,
606,Before Stonewall,$18724,$18724,100%,-,-,
607,The Return of Martin Guerre 2019 Re-release,$18603,$18603,100%,-,-,
608,Phoenix Oregon,$18356,$18356,100%,-,-,
609,The Cranes Are Flying,$17923,$17923,100%,-,-,
610,Chained for Life,$17431,$17431,100%,-,-,
611,Joseph Pulitzer: Voice of the People,$16970,$16970,100%,-,-,
612,Virginia Minnesota,$16118,$16118,100%,-,-,
613,Starfish,$15849,$15849,100%,-,-,
614,Trinity Seven The Movie 2: Heavens Library & Crimson Lord,$15712,$15712,100%,-,-,
615,The Competition 2019 Re-release,$15622,$15622,100%,-,-,
616,Stuffed,$15532,$15532,100%,-,-,
617,Between the Lines,$15383,$15383,100%,-,-,
618,Funan,$15152,$15152,100%,-,-,
619,Wrinkles the Clown,$14938,$14938,100%,-,-,
620,ZZ Top: That Little Ol' Band from Texas,$14879,$14879,100%,-,-,
621,My Son 2019 Re-release,$14450,$14450,100%,-,-,
622,Combat Obscura,$14242,$14242,100%,-,-,
623,Screwball,$13967,$13967,100%,-,-,
624,Genesis,$13856,$6784,49%,$7072,51%,
625,This One's for the Ladies,$13688,$13688,100%,-,-,
626,Rapid Response,$13294,$13294,100%,-,-,
627,Off Season,$12544,$12544,100%,-,-,
628,Bricked,$12201,$12201,100%,-,-,
629,Zen for Nothing,$12107,$12107,100%,-,-,
630,Imprisoned,$12050,$12050,100%,-,-,
631,Quartet,$12042,$12042,100%,-,-,
632,Cassandro The Exotico!,$11897,$11897,100%,-,-,
633,In Like Flynn,$11255,$11255,100%,-,-,
634,Made Me Do It,$11151,$11151,100%,-,-,
635,Suburban Birds,$10997,$10997,100%,-,-,
636,If the Dancer Dances,$10912,$10912,100%,-,-,
637,Vision Portraits,$10771,$10771,100%,-,-,
638,When Lambs Become Lions,$10197,$9337,91.6%,$860,8.4%,
639,Olivia,$9934,$9934,100%,-,-,
640,Streetwise,$9904,$9904,100%,-,-,
641,The Spanish Prisoner 2019 Re-release,$9589,$9589,100%,-,-,
642,Fritz Lang's Indian Epic 2019 re-release,$9345,$9345,100%,-,-,
643,A Dark Place,$9212,-,-,$9212,100%,
644,Cracked Up,$9197,$9197,100%,-,-,
645,Frantz Fanon: Black Skin White Mask,$9025,$9025,100%,-,-,
646,The Meanest Man in Texas,$8850,$8850,100%,-,-,
647,That Part Feeling - the Universe of Arvo Part,$8812,$8812,100%,-,-,
648,The Dead Center,$8320,$8320,100%,-,-,
649,Angels Are Made Of Light,$7919,$7919,100%,-,-,
650,This Magnificent Cake!,$7888,$7888,100%,-,-,
651,Ghost Fleet,$7850,$7850,100%,-,-,
652,The Plagiarists,$7768,$7768,100%,-,-,
653,Gregory's Girl,$7710,$7710,100%,-,-,
654,I'll Take Your Dead,$7692,$7692,100%,-,-,
655,Beloved Beast,$7301,$7301,100%,-,-,
656,Dying to Survive 2019 Re-release,$6752,$6752,100%,-,-,
657,Under the Eiffel Tower,$6291,$6291,100%,-,-,
658,Relaxer,$6133,$6133,100%,-,-,
659,Série noire,$5633,$5633,100%,-,-,
660,The Miracle of the Little Prince,$5553,$5553,100%,-,-,
661,Chokehold,$5200,$5200,100%,-,-,
662,The Gliksmans,$5166,$5166,100%,-,-,
663,100 Acres of Hell,$5152,$5152,100%,-,-,
664,Body at Brighton Rock,$5123,$5123,100%,-,-,
665,Chulas Fronteras,$5021,$5021,100%,-,-,
666,The Garden,$5006,$5006,100%,-,-,
667,Malek,$4898,$4898,100%,-,-,
668,I'm Leaving Now,$4488,$4488,100%,-,-,
669,SGT. Will Gardner,$4405,$4405,100%,-,-,
670,Tito and the Birds,$4332,$4332,100%,-,-,
671,The Fate of Lee Khan,$4295,$4295,100%,-,-,
672,State Like Sleep,$4282,$4282,100%,-,-,
673,La Flor,$4032,$4032,100%,-,-,
674,Mother of a Day,$3919,$3919,100%,-,-,
675,Wallflower,$3801,$3801,100%,-,-,
676,The Wandering Soap Opera,$3624,$3624,100%,-,-,
677,Rottentail,$3383,$3383,100%,-,-,
678,Chasing Portraits,$3076,$3076,100%,-,-,
679,Back to the Fatherland,$2697,$2697,100%,-,-,
680,Division 19,$2680,$1699,63.4%,$981,36.6%,
681,Joan the Maid 1: The Battles,$2562,$2562,100%,-,-,
682,TINY: The Life of Erin Blackwell,$2465,$2465,100%,-,-,
683,I Lost Albert 2019 Re-release,$2354,$2354,100%,-,-,
684,A German Youth,$2343,$2343,100%,-,-,
685,Serendipity,$2298,$2298,100%,-,-,
686,Jihadists,$2104,$2104,100%,-,-,
687,Jimi Hendrix Electric Church,$1818,-,-,$1818,100%,
688,Game Day,$1624,$1624,100%,-,-,
689,The Hours and Times,$1273,$1273,100%,-,-,
690,The Untold Story,$790,$790,100%,-,-,
691,The Portal,$685,-,-,$685,100%,
